n,k_n,p_dyadic_exact,p_certificate_exact,p_numeric_opt,delta_numeric_opt,log2E_fair,log2E_dyadic,log2E_certificate,log2E_numeric_opt,cert_minus_opt_bits,dyadic_minus_opt_bits,dyadic_E_numerator,dyadic_E_denominator,certificate_E_numerator,certificate_E_denominator
2,1,1/2,1/3,0.3111078174659819,0.6888921825340181,3.321928094887362,3.321928094887362,3.044394119358453,3.039961572994221,0.00443254636423,0.281966521893,10,1,33,4
3,1,1/2,1/2,0.4859402810458032,0.5140597189541968,5.857980995127572,5.857980995127572,5.857980995127572,5.854478875907077,0.0035021192205,0.0035021192205,58,1,58,1
4,2,3/4,3/5,0.5932523088109902,0.4067476911890098,9.233619676759702,9.892779112003528,8.942538890745151,8.940964311993436,0.00157457875171,0.95181480001,693028,729,5738785,11664
5,2,3/4,2/3,0.6648762570485846,0.3351237429514154,13.78402132437418,12.80858507243357,12.3192214398667,12.31902485455299,0.000196585313716,0.489560217881,423624292,59049,5233053,1024
6,2,3/4,5/7,0.7157347240526095,0.2842652759473905,19.5272822694068,16.07625836562927,15.95200682330334,15.9517970647594,0.000209758543947,0.12446130087,991413450988,14348907,123811955764464177,1953125000000
7,2,3/4,3/4,0.7535605217564215,0.2464394782435785,26.38550266577798,19.8053351053099,19.8053351053099,19.80340490276773,0.00193020254217,0.00193020254217,9583988633737228,10460353203,9583988633737228,10460353203
8,3,7/8,7/9,0.7827149326392873,0.2172850673607127,34.30652923435162,26.35391502374046,23.85110486262861,23.84573584673678,0.00536901589183,2.508179177,39451547727142392053842098146056,459986536544739960976801,1781898979406762348637593878096497,117756553355453430010061056
9,3,7/8,4/5,0.8058289519985706,0.1941710480014294,43.262444951461,29.97369241977356,28.06728577877378,28.05689824093894,0.0103875378348,1.91679417883,2795824714717456472832611960055393698056,2651730845859653471779023381601,1328172867671401535485402927105,4722366482869645213696
10,3,7/8,9/11,0.8245775219468478,0.1754224780531522,53.23792293507548,33.75065650682611,32.43623816170802,32.41945080841764,0.0167873532904,1.33120569841,1546577837900130742472953579598216155926004957496,107006904423598033356356300384937784807,51938991728435918195891615799249358729057678532954155853,8937434693721817524112791018984168796202443776
11,3,7/8,5/6,0.8400746227334157,0.1599253772665843,64.22436195249121,37.72449224919803,36.94354218562463,36.91918325337285,0.0243589322518,0.805308995825,6864294992113844694013233751146345388291670130808481306040,30226801971775055948247051683954096612865741943,36682977753238334240987631885925540945530232159926,277555756156289135105907917022705078125
12,3,7/8,11/13,0.8530884223715403,0.1469115776284597,76.21691155271361,41.93154443893146,41.57720466767889,41.54429877865946,0.0329058890194,0.387245660272,250682075402494899707889662174121428549374543721193315762466266034056,59768263894155949306790119265585619217025149412430681649,7248746452961853694923801678517392718019493696605428499757892782079711108771114182177,2209414339901989641831264125492227384435955849764760504636154322842259456
13,3,7/8,6/7,0.8641649419235824,0.1358350580764176,89.21284488676192,46.39750860110651,46.32710557753784,46.28485023247002,0.0422553450678,0.112658368636,76681205914758720929132790727927231653836104857338238497023697736420613483946120,827269706064171159838078900184013751038269841857389464208009274449,438173310764592881006625059445468138315975414654700418328564938750132090965,4963608617944918181428679924706605506341271472266715087241216
14,3,7/8,13/15,0.8737024405456527,0.1262975594543473,103.2106387347731,51.13422153490866,51.18459970003275,51.13233898847995,0.0522607115528,0.00188254642871,198087070021843965569914915515848758032146702078017500377318978049365241891705396442949147320,80153343160247310515380886994816022539378033762994852007501964604841680190743,9803131424223325832285045303386105454309288638220403157914998388455960885581325812451920783786628908963595242100049940185,3830584078442426439006723127041485317284867256285049317671632645083141365012497283273058504768386112503808
15,3,7/8,7/8,0.8819979216628528,0.1180020783371472,118.2094485947957,56.14222243485115,56.14222243485115,56.07942181995783,0.0628006148933,0.0628006148933,4323019331781568150685944644206880596744458388692865809926465719753910046434850015005975729131386106233912,54361846697263307560529495055267343940077014163990039113495978834700158362117849904436807,4323019331781568150685944644206880596744458388692865809926465719753910046434850015005975729131386106233912,54361846697263307560529495055267343940077014163990039113495978834700158362117849904436807
16,4,15/16,15/17,0.8892771920543696,0.1107228079456304,134.2088097914369,66.8320890879397,61.19346780725292,61.11969170962205,0.0737760976309,5.71239737832,177588392068691683442310666153381158375130637115488312915978168263556597032792982056683362020502861730272495733823293078367242758808091257495935138355598758492176,1351920291788082235273691867998697815128321081177020821220863324579896372039398726591176199205088779599359671834690743708051741123199462890625,233614807092669626518370563357254690972034792838300189758679153431127723665867707257285866722363236778985980270939534568267726856252672128232251898825364187431008161,88599448242623757370896670261162660012249650376017236539530498839668088637974034945879323391104698259823635453358292579650878906250000000000000000
17,4,15/16,8/9,0.8957148597843153,0.1042851402156847,151.2084684621867,71.25950774903381,66.33261793061333,66.24751066399075,0.0851072666226,5.01199708504,25099238205651487011128734440151697365359362050237742460214873925352267180426436173946265358608517014576345285751259406592187023409279180869763808791514622831172651393458234672752656,8879964540838648545361781689713863099844118771338740066877042070361822713637115172016241898959637218573627864398115625867158318129668259643949568271636962890625,61425106612682934540773680689528381102097310754548985791920950360429256618235735360555400221830653090267517705872813817037597040291491120032641,661055968790248598951915308032771039828404682964281219284648795274405791236311345825189210439715284847591212025023358304256
18,4,15/16,17/19,0.9014479796341449,0.09855202036585506,169.2082868156505,75.76076574671427,71.55460996784161,71.45787997420827,0.0967299936333,4.30288577251,56004847597649959496869485038495165295468492727095640160725981138439034413361862015329958898138595064264555785778174597341586662183976239961249836606256030556030893398864040988355568322984535026765326576,874908499327181419256388383010912860163539713075290390358834925784594157574615002566490568145047821676227516105434073499551270713860484456135535591414509326568804681301116943359375,164933479526032411987617317098059388389679023394509379414127085208260434873373446158652061206000372610729943906591055987262402012895048931966466797991545479255193055662943317674749601070221313233007996070813631252533,47558143484110118754576805382112177086453742188068046678421840798153596680772387042130261812026768088649807021414908868228727477650534732139470664637527977956240355457499236587933756062521622528
19,4,15/16,9/10,0.9065855744463365,0.09341442555366352,188.2081904961033,80.35007317649618,76.85493094747531,76.74633799967799,0.108592947797,3.60373517682,1992450214440979357857444973047358384090876251218773395987721227438172514410606633967491234632104522970399729650760580594631417472613425310326899441136218639292757833336645120697924513422369692611911012625096972540256061508336,1293020166929598985443206801300076113208569242899126803778918122931465824867631524204429744432991981514697509631434037446815851518765289176074707981501439685799968726254149942178628407418727874755859375,2046956643553282654837575495786153721499357246162804627422197693763939450103925094610857025964796270702093563083733896356737525300800173919299990069234643610674001960853116582309934543090,14978527259308333234727142345377640223067183982471608619098108558975486681619863926983547918816717459507841524971007905412866094081182417045161149930526409590653209
20,4,15/16,19/21,0.9112154122159092,0.08878458778409079,208.2081395866449,85.04205243921819,82.22953360954438,82.10887855007378,0.120655059471,2.93317388914,1141689212672822983493818492427564308011697776293201378989632734091481145952543343628781562542118139359655771994619998141061717658208137832611445501821198614497268113712319596671575341793227693153050694825272962634020721587941886124532601102580933136,28664160081409084368570960656421737109173770241222733535368090080856548501415605471368532613050925133409675781354468415768988152791105709580684879306344454800222219854932207615556675507628714427710292511619627475738525390625,5461855928604460221952283831536476573487809284060928235595852928306403251604932694477211186921365692360189901134307098319648822345630144037576142442771524435390634478280539061400482044459855645513823523847932404838907317488231355934936988403328813159351874516424090566528465,963349983585080776237799309907962996275524112286661398188097665124243090480349537256602266533524779133279089190454119090105779820861293984295804817694043809001772925008463424541083983523287717146851209001620891553834471170998966954390349978744651776
